student_id,roll_no,semester,sgpa,backlog_count
STU_25881A6601,25881A6601,1,8.4,0
STU_25881A6601,25881A6601,2,8.1,0
STU_25881A6602,25881A6602,1,9.3,0
STU_25881A6602,25881A6602,2,8.65,0
STU_25881A6603,25881A6603,1,7.95,0
STU_25881A6603,25881A6603,2,7.15,0
STU_25881A6604,25881A6604,1,6.8,0
STU_25881A6604,25881A6604,2,6.45,0
STU_25881A6605,25881A6605,1,5.5,1
STU_25881A6605,25881A6605,2,6.85,0
STU_25881A6606,25881A6606,1,7.3,0
STU_25881A6606,25881A6606,2,5.95,1
STU_25881A6607,25881A6607,1,6.75,0
STU_25881A6607,25881A6607,2,5.8,1
STU_25881A6608,25881A6608,1,9.5,0
STU_25881A6608,25881A6608,2,9.5,0
STU_25881A6609,25881A6609,1,9.1,0
STU_25881A6609,25881A6609,2,8.65,0
STU_25881A6610,25881A6610,1,8.6,0
STU_25881A6610,25881A6610,2,8.55,0
STU_25881A6611,25881A6611,1,9.5,0
STU_25881A6611,25881A6611,2,9.25,0
STU_25881A6612,25881A6612,1,4.45,3
STU_25881A6612,25881A6612,2,6.5,0
STU_25881A6613,25881A6613,1,9.05,0
STU_25881A6613,25881A6613,2,9.25,0
STU_25881A6614,25881A6614,1,7.25,0
STU_25881A6614,25881A6614,2,5.7,1
STU_25881A6615,25881A6615,1,6.95,0
STU_25881A6615,25881A6615,2,7.15,0
STU_25881A6616,25881A6616,1,4.7,2
STU_25881A6616,25881A6616,2,3.45,3
STU_25881A6617,25881A6617,1,7.95,0
STU_25881A6617,25881A6617,2,7.4,0
STU_25881A6618,25881A6618,1,7.3,0
STU_25881A6618,25881A6618,2,8.05,0
STU_25881A6619,25881A6619,1,7.7,0
STU_25881A6619,25881A6619,2,7.25,0
STU_25881A6620,25881A6620,1,8.65,0
STU_25881A6620,25881A6620,2,8.85,0
STU_25881A6621,25881A6621,1,4.55,2
STU_25881A6621,25881A6621,2,3.4,3
STU_25881A6622,25881A6622,1,1.75,5
STU_25881A6622,25881A6622,2,2.65,4
STU_25881A6623,25881A6623,1,9.05,0
STU_25881A6623,25881A6623,2,8.1,0
STU_25881A6624,25881A6624,1,9.5,0
STU_25881A6624,25881A6624,2,9.15,0
STU_25881A6625,25881A6625,1,8.3,0
STU_25881A6625,25881A6625,2,8.35,0
STU_25881A6626,25881A6626,1,1.85,5
STU_25881A6626,25881A6626,2,2.7,4
STU_25881A6627,25881A6627,1,8.35,0
STU_25881A6627,25881A6627,2,8.55,0
STU_25881A6628,25881A6628,1,8.35,0
STU_25881A6628,25881A6628,2,8.15,0
STU_25881A6629,25881A6629,1,5.9,1
STU_25881A6629,25881A6629,2,6.65,0
STU_25881A6630,25881A6630,1,8.35,0
STU_25881A6630,25881A6630,2,8.85,0
STU_25881A6631,25881A6631,1,9.35,0
STU_25881A6631,25881A6631,2,9.35,0
STU_25881A6632,25881A6632,1,8.3,0
STU_25881A6632,25881A6632,2,7.75,0
STU_25881A6633,25881A6633,1,9.0,0
STU_25881A6633,25881A6633,2,8.4,0
STU_25881A6634,25881A6634,1,8.9,0
STU_25881A6634,25881A6634,2,8.65,0
STU_25881A6635,25881A6635,1,6.0,1
STU_25881A6635,25881A6635,2,5.35,1
STU_25881A6636,25881A6636,1,4.5,2
STU_25881A6636,25881A6636,2,3.7,3
STU_25881A6637,25881A6637,1,8.5,0
STU_25881A6637,25881A6637,2,7.4,0
STU_25881A6638,25881A6638,1,8.7,0
STU_25881A6638,25881A6638,2,8.45,0
STU_25881A6639,25881A6639,1,9.1,0
STU_25881A6639,25881A6639,2,8.65,0
STU_25881A6640,25881A6640,1,4.35,2
STU_25881A6640,25881A6640,2,3.55,3
STU_25881A6641,25881A6641,1,7.75,0
STU_25881A6641,25881A6641,2,7.0,0
STU_25881A6642,25881A6642,1,8.85,0
STU_25881A6642,25881A6642,2,8.6,0
STU_25881A6643,25881A6643,1,3.75,3
STU_25881A6643,25881A6643,2,3.4,3
STU_25881A6644,25881A6644,1,8.55,0
STU_25881A6644,25881A6644,2,8.3,0
STU_25881A6645,25881A6645,1,7.05,0
STU_25881A6645,25881A6645,2,6.7,0
STU_25881A6646,25881A6646,1,7.2,0
STU_25881A6646,25881A6646,2,6.8,0
STU_25881A6647,25881A6647,1,8.25,0
STU_25881A6647,25881A6647,2,7.5,0
STU_25881A6648,25881A6648,1,6.65,0
STU_25881A6648,25881A6648,2,6.9,0
STU_25881A6649,25881A6649,1,8.8,0
STU_25881A6649,25881A6649,2,8.7,0
STU_25881A6650,25881A6650,1,0.0,10
STU_25881A6650,25881A6650,2,1.4,7
STU_25881A6651,25881A6651,1,9.45,0
STU_25881A6651,25881A6651,2,9.25,0
STU_25881A6652,25881A6652,1,8.85,0
STU_25881A6652,25881A6652,2,8.3,0
STU_25881A6653,25881A6653,1,8.55,0
STU_25881A6653,25881A6653,2,8.3,0
STU_25881A6654,25881A6654,1,8.8,0
STU_25881A6654,25881A6654,2,8.0,0
STU_25881A6655,25881A6655,1,6.05,1
STU_25881A6655,25881A6655,2,7.05,0
STU_25881A6656,25881A6656,1,8.65,0
STU_25881A6656,25881A6656,2,7.65,0
STU_25881A6657,25881A6657,1,4.75,2
STU_25881A6657,25881A6657,2,4.6,2
STU_25881A6658,25881A6658,1,6.7,1
STU_25881A6658,25881A6658,2,5.85,1
STU_25881A6659,25881A6659,1,9.35,0
STU_25881A6659,25881A6659,2,9.0,0
STU_25881A6660,25881A6660,1,9.15,0
STU_25881A6660,25881A6660,2,8.45,0
STU_25881A6661,25881A6661,1,7.5,0
STU_25881A6661,25881A6661,2,6.7,0
STU_25881A6662,25881A6662,1,9.3,0
STU_25881A6662,25881A6662,2,9.1,0
STU_25881A6663,25881A6663,1,6.5,0
STU_25881A6663,25881A6663,2,6.85,0
STU_25881A6664,25881A6664,1,9.5,0
STU_25881A6664,25881A6664,2,9.0,0
STU_25881A6665,25881A6665,1,6.8,0
STU_25881A6665,25881A6665,2,3.7,3
STU_25881A6666,25881A6666,1,9.3,0
STU_25881A6666,25881A6666,2,8.7,0
STU_25881A6667,25881A6667,1,8.95,0
STU_25881A6667,25881A6667,2,8.45,0
STU_25881A6668,25881A6668,1,8.8,0
STU_25881A6668,25881A6668,2,8.0,0
STU_25881A6669,25881A6669,1,9.45,0
STU_25881A6669,25881A6669,2,8.7,0
STU_25881A6670,25881A6670,1,7.5,0
STU_25881A6670,25881A6670,2,8.0,0
STU_25881A6671,25881A6671,1,8.7,0
STU_25881A6671,25881A6671,2,8.95,0
STU_25881A6672,25881A6672,1,7.6,0
STU_25881A6672,25881A6672,2,7.9,0
STU_25881A6673,25881A6673,1,9.1,0
STU_25881A6673,25881A6673,2,8.2,0
STU_25881A6674,25881A6674,1,5.45,1
STU_25881A6674,25881A6674,2,4.55,2
STU_25881A6675,25881A6675,1,3.7,3
STU_25881A6675,25881A6675,2,3.05,3
STU_25881A6676,25881A6676,1,9.2,0
STU_25881A6676,25881A6676,2,8.7,0
STU_25881A6677,25881A6677,1,8.95,0
STU_25881A6677,25881A6677,2,9.2,0
STU_25881A6678,25881A6678,1,8.0,0
STU_25881A6678,25881A6678,2,7.45,0
STU_25881A6679,25881A6679,1,4.45,2
STU_25881A6679,25881A6679,2,4.1,2
STU_25881A6680,25881A6680,1,9.05,0
STU_25881A6680,25881A6680,2,7.8,0
STU_25881A6681,25881A6681,1,7.7,0
STU_25881A6681,25881A6681,2,7.6,0
STU_25881A6682,25881A6682,1,9.55,0
STU_25881A6682,25881A6682,2,9.3,0
STU_25881A6683,25881A6683,1,7.35,1
STU_25881A6683,25881A6683,2,8.0,0
STU_25881A6684,25881A6684,1,7.4,0
STU_25881A6684,25881A6684,2,8.15,0
STU_25881A6685,25881A6685,1,9.95,0
STU_25881A6685,25881A6685,2,9.4,0
STU_25881A6686,25881A6686,1,8.9,0
STU_25881A6686,25881A6686,2,9.0,0
STU_25881A6687,25881A6687,1,8.55,0
STU_25881A6687,25881A6687,2,8.65,0
STU_25881A6688,25881A6688,1,7.7,0
STU_25881A6688,25881A6688,2,7.0,0
STU_25881A6689,25881A6689,1,9.3,0
STU_25881A6689,25881A6689,2,8.45,0
STU_25881A6690,25881A6690,1,5.1,1
STU_25881A6690,25881A6690,2,4.65,1
STU_25881A6691,25881A6691,1,8.75,0
STU_25881A6691,25881A6691,2,8.15,0
STU_25881A6692,25881A6692,1,9.05,0
STU_25881A6692,25881A6692,2,8.9,0
STU_25881A6693,25881A6693,1,9.8,0
STU_25881A6693,25881A6693,2,9.7,0
STU_25881A6694,25881A6694,1,7.7,0
STU_25881A6694,25881A6694,2,7.2,0
STU_25881A6695,25881A6695,1,5.4,1
STU_25881A6695,25881A6695,2,7.05,0
STU_25881A6696,25881A6696,1,8.95,0
STU_25881A6696,25881A6696,2,8.45,0
STU_25881A6697,25881A6697,1,8.1,0
STU_25881A6697,25881A6697,2,8.3,0
STU_25881A6698,25881A6698,1,7.3,0
STU_25881A6698,25881A6698,2,7.4,0
STU_25881A6699,25881A6699,1,8.5,0
STU_25881A6699,25881A6699,2,8.25,0
STU_25881A66A0,25881A66A0,1,7.35,0
STU_25881A66A0,25881A66A0,2,7.2,0
STU_25881A66A1,25881A66A1,1,1.85,5
STU_25881A66A1,25881A66A1,2,2.5,4
STU_25881A66A2,25881A66A2,1,8.55,0
STU_25881A66A2,25881A66A2,2,7.95,0
STU_25881A66A3,25881A66A3,1,8.15,0
STU_25881A66A3,25881A66A3,2,7.8,0
STU_25881A66A4,25881A66A4,1,8.1,0
STU_25881A66A4,25881A66A4,2,7.55,0
STU_25881A66A5,25881A66A5,1,6.6,0
STU_25881A66A5,25881A66A5,2,6.15,1
STU_25881A66A6,25881A66A6,1,8.8,0
STU_25881A66A6,25881A66A6,2,8.25,0
STU_25881A66A7,25881A66A7,1,8.6,0
STU_25881A66A7,25881A66A7,2,8.35,0
STU_25881A66A8,25881A66A8,1,8.9,0
STU_25881A66A8,25881A66A8,2,8.75,0
STU_25881A66A9,25881A66A9,1,7.5,0
STU_25881A66A9,25881A66A9,2,6.1,1
STU_25881A66B0,25881A66B0,1,7.95,0
STU_25881A66B0,25881A66B0,2,7.85,0
STU_25881A66B1,25881A66B1,1,7.5,0
STU_25881A66B1,25881A66B1,2,7.25,0
STU_25881A66B2,25881A66B2,1,7.85,0
STU_25881A66B2,25881A66B2,2,7.35,0
STU_25881A66B3,25881A66B3,1,9.0,0
STU_25881A66B3,25881A66B3,2,8.6,0
STU_25881A66B4,25881A66B4,1,5.4,1
STU_25881A66B4,25881A66B4,2,5.65,1
STU_25881A66B5,25881A66B5,1,1.8,5
STU_25881A66B6,25881A66B6,1,4.6,2
STU_25881A66B6,25881A66B6,2,2.35,4
STU_25881A66B7,25881A66B7,1,8.95,0
STU_25881A66B7,25881A66B7,2,9.1,0
STU_25881A66B8,25881A66B8,1,6.9,0
STU_25881A66B8,25881A66B8,2,7.7,0
STU_25881A66B9,25881A66B9,1,7.65,0
STU_25881A66B9,25881A66B9,2,8.25,0
STU_25881A66C0,25881A66C0,1,6.3,0
STU_25881A66C0,25881A66C0,2,4.1,2
STU_25881A66C1,25881A66C1,1,9.65,0
STU_25881A66C1,25881A66C1,2,9.25,0
STU_25881A66C2,25881A66C2,1,3.05,4
STU_25881A66C2,25881A66C2,2,3.0,3
STU_25881A66C3,25881A66C3,1,9.65,0
STU_25881A66C3,25881A66C3,2,8.65,0
STU_25881A66C4,25881A66C4,1,9.7,0
STU_25881A66C4,25881A66C4,2,9.25,0
STU_25881A66C5,25881A66C5,1,7.05,0
STU_25881A66C5,25881A66C5,2,6.85,0
STU_25881A66C6,25881A66C6,1,7.55,0
STU_25881A66C6,25881A66C6,2,5.75,1
STU_25881A66C7,25881A66C7,1,8.45,0
STU_25881A66C7,25881A66C7,2,8.3,0
STU_25881A66C8,25881A66C8,1,8.0,0
STU_25881A66C8,25881A66C8,2,7.7,0
STU_25881A66C9,25881A66C9,1,9.1,0
STU_25881A66C9,25881A66C9,2,9.3,0
STU_25881A66D0,25881A66D0,1,7.95,0
STU_25881A66D0,25881A66D0,2,7.3,0
STU_25881A66D1,25881A66D1,1,9.5,0
STU_25881A66D1,25881A66D1,2,8.9,0
STU_25881A66D2,25881A66D2,1,8.95,0
STU_25881A66D2,25881A66D2,2,8.8,0
STU_25881A66D3,25881A66D3,1,9.0,0
STU_25881A66D3,25881A66D3,2,8.85,0
STU_25881A66D4,25881A66D4,1,7.75,0
STU_25881A66D4,25881A66D4,2,6.85,0
STU_25881A66D5,25881A66D5,1,9.3,0
STU_25881A66D5,25881A66D5,2,9.6,0
STU_25881A66D6,25881A66D6,1,8.9,0
STU_25881A66D6,25881A66D6,2,8.95,0
STU_25881A66D7,25881A66D7,1,6.55,1
STU_25881A66D7,25881A66D7,2,7.6,0
STU_25881A66D8,25881A66D8,1,7.35,0
STU_25881A66D8,25881A66D8,2,7.2,0
STU_25881A66D9,25881A66D9,1,7.95,0
STU_25881A66D9,25881A66D9,2,8.8,0
STU_25881A66E0,25881A66E0,1,9.1,0
STU_25881A66E0,25881A66E0,2,8.8,0
STU_25881A66E1,25881A66E1,1,8.7,0
STU_25881A66E1,25881A66E1,2,7.4,0
STU_25881A66E2,25881A66E2,1,7.95,0
STU_25881A66E2,25881A66E2,2,7.65,0
STU_25881A66E3,25881A66E3,1,7.9,0
STU_25881A66E3,25881A66E3,2,8.05,0
STU_25881A66E4,25881A66E4,1,9.05,0
STU_25881A66E4,25881A66E4,2,8.4,0
STU_25881A66E5,25881A66E5,1,8.9,0
STU_25881A66E5,25881A66E5,2,9.1,0
STU_25881A66E6,25881A66E6,1,9.15,0
STU_25881A66E6,25881A66E6,2,8.8,0
STU_25881A66E7,25881A66E7,1,2.1,6
STU_25881A66E7,25881A66E7,2,2.75,5
STU_25881A66E8,25881A66E8,1,9.5,0
STU_25881A66E8,25881A66E8,2,9.3,0
STU_25881A66E9,25881A66E9,1,4.95,2
STU_25881A66E9,25881A66E9,2,5.95,1
STU_25881A66F0,25881A66F0,1,6.4,1
STU_25881A66F0,25881A66F0,2,6.75,0
STU_25881A66F1,25881A66F1,1,7.9,0
STU_25881A66F1,25881A66F1,2,7.9,0
STU_25881A66F2,25881A66F2,1,7.8,0
STU_25881A66F2,25881A66F2,2,7.4,0
STU_25881A66F3,25881A66F3,1,9.0,0
STU_25881A66F3,25881A66F3,2,8.65,0
STU_25881A66F4,25881A66F4,1,2.35,5
STU_25881A66F4,25881A66F4,2,2.25,5
STU_25881A66F5,25881A66F5,1,6.4,1
STU_25881A66F5,25881A66F5,2,6.3,0
STU_25881A66F6,25881A66F6,1,8.45,0
STU_25881A66F6,25881A66F6,2,8.5,0
STU_25881A66F7,25881A66F7,1,6.25,1
STU_25881A66F7,25881A66F7,2,6.85,0
STU_25881A66F8,25881A66F8,1,8.75,0
STU_25881A66F8,25881A66F8,2,8.9,0
STU_25881A66F9,25881A66F9,1,7.15,0
STU_25881A66F9,25881A66F9,2,7.0,0
STU_25881A66G0,25881A66G0,1,8.5,0
STU_25881A66G0,25881A66G0,2,7.95,0
STU_25881A66G1,25881A66G1,1,8.8,0
STU_25881A66G1,25881A66G1,2,8.9,0
STU_25881A66G2,25881A66G2,1,9.4,0
STU_25881A66G2,25881A66G2,2,9.2,0
STU_25881A66G3,25881A66G3,1,4.1,3
STU_25881A66G3,25881A66G3,2,5.65,1
STU_25881A66G4,25881A66G4,1,9.05,0
STU_25881A66G4,25881A66G4,2,9.0,0
STU_25881A66G5,25881A66G5,1,7.45,0
STU_25881A66G5,25881A66G5,2,5.9,1
STU_25881A66G6,25881A66G6,1,7.55,0
STU_25881A66G6,25881A66G6,2,7.55,0
STU_25881A66G7,25881A66G7,1,8.15,0
STU_25881A66G7,25881A66G7,2,7.05,0
STU_25881A66G8,25881A66G8,1,9.05,0
STU_25881A66G8,25881A66G8,2,8.8,0
STU_25881A66G9,25881A66G9,1,4.1,3
STU_25881A66G9,25881A66G9,2,5.0,1
STU_25881A66H0,25881A66H0,1,5.55,1
STU_25881A66H0,25881A66H0,2,6.05,1
STU_25881A66H1,25881A66H1,1,5.5,1
STU_25881A66H1,25881A66H1,2,6.8,0
STU_25881A66H2,25881A66H2,1,8.35,0
STU_25881A66H2,25881A66H2,2,8.75,0
STU_25881A66H3,25881A66H3,1,9.55,0
STU_25881A66H3,25881A66H3,2,9.4,0
STU_25881A66H4,25881A66H4,1,9.3,0
STU_25881A66H4,25881A66H4,2,9.45,0
STU_25881A66H5,25881A66H5,1,9.55,0
STU_25881A66H5,25881A66H5,2,8.9,0
STU_25881A66H6,25881A66H6,1,8.9,0
STU_25881A66H6,25881A66H6,2,8.4,0
STU_25881A66H7,25881A66H7,1,4.25,3
STU_25881A66H7,25881A66H7,2,6.3,0
STU_25881A66H8,25881A66H8,1,3.0,4
STU_25881A66H8,25881A66H8,2,3.35,3
STU_25881A66H9,25881A66H9,1,5.1,2
STU_25881A66H9,25881A66H9,2,5.0,1
STU_25881A66J0,25881A66J0,1,8.7,0
STU_25881A66J0,25881A66J0,2,9.05,0
STU_25881A66J1,25881A66J1,1,8.65,0
STU_25881A66J1,25881A66J1,2,9.2,0
STU_25881A66J2,25881A66J2,1,9.0,0
STU_25881A66J2,25881A66J2,2,9.25,0
STU_25881A66J3,25881A66J3,1,7.85,0
STU_25881A66J3,25881A66J3,2,8.0,0
STU_25881A66J4,25881A66J4,1,8.0,0
STU_25881A66J4,25881A66J4,2,7.55,0
STU_25881A66J5,25881A66J5,1,8.85,0
STU_25881A66J5,25881A66J5,2,8.05,0
STU_25881A66J6,25881A66J6,1,8.75,0
STU_25881A66J6,25881A66J6,2,8.45,0
STU_25881A66J7,25881A66J7,1,8.65,0
STU_25881A66J7,25881A66J7,2,8.2,0
STU_25881A66J8,25881A66J8,1,1.05,7
STU_25881A66J8,25881A66J8,2,2.5,4
STU_25881A66J9,25881A66J9,1,7.9,0
STU_25881A66J9,25881A66J9,2,7.9,0
STU_25881A66K0,25881A66K0,1,8.5,0
STU_25881A66K0,25881A66K0,2,8.0,0
STU_25881A66K1,25881A66K1,1,8.95,0
STU_25881A66K1,25881A66K1,2,9.25,0
STU_25881A66K2,25881A66K2,1,8.1,0
STU_25881A66K2,25881A66K2,2,8.35,0
STU_25881A66K3,25881A66K3,1,6.0,0
STU_25881A66K3,25881A66K3,2,4.1,3
