roll_no,student_name,section,semester,sgpa,backlog_count,average_attendance,failed_subject_count,passed_subject_count,sgpa_change,attendance_change,backlog_change
25881A6601,PIDAKALA AASHISH,A,1,8.4,0,89.99,0,10,,,
25881A6601,PIDAKALA AASHISH,A,2,8.1,0,81.66,0,10,-0.3,-8.33,0.0
25881A6602,BIKUMALLA AASHRITA,A,1,9.3,0,90.21,0,10,,,
25881A6602,BIKUMALLA AASHRITA,A,2,8.65,0,83.7,0,10,-0.65,-6.51,0.0
25881A6603,GURRAPU ABHIRAM,A,1,7.95,0,84.16,0,10,,,
25881A6603,GURRAPU ABHIRAM,A,2,7.15,0,75.92,0,10,-0.8,-8.24,0.0
25881A6604,MUDAAVATH AKHIL,A,1,6.8,0,97.23,0,10,,,
25881A6604,MUDAAVATH AKHIL,A,2,6.45,0,85.0,0,10,-0.35,-12.23,0.0
25881A6605,PURI AKSHAY KUMAR,A,1,5.5,1,81.92,1,9,,,
25881A6605,PURI AKSHAY KUMAR,A,2,6.85,0,85.66,0,10,1.35,3.74,-1.0
25881A6606,TIPPARTHY AKSHAY,A,1,7.3,0,95.6,0,10,,,
25881A6606,TIPPARTHY AKSHAY,A,2,5.95,1,83.07,1,9,-1.35,-12.53,1.0
25881A6607,UYYALA AKSHAYA,A,1,6.75,0,78.79,0,10,,,
25881A6607,UYYALA AKSHAYA,A,2,5.8,1,75.01,1,9,-0.95,-3.78,1.0
25881A6608,SIRAMSETTI ANUSHA,A,1,9.5,0,95.88,0,10,,,
25881A6608,SIRAMSETTI ANUSHA,A,2,9.5,0,91.67,0,10,0.0,-4.21,0.0
25881A6609,BYRI CHANDAN KUMAR,A,1,9.1,0,82.77,0,10,,,
25881A6609,BYRI CHANDAN KUMAR,A,2,8.65,0,76.94,0,10,-0.45,-5.83,0.0
25881A6610,V DEEKSHITH REDDY,A,1,8.6,0,84.99,0,10,,,
25881A6610,V DEEKSHITH REDDY,A,2,8.55,0,79.74,0,10,-0.05,-5.25,0.0
25881A6611,NERELLA DEEPIKA,A,1,9.5,0,91.88,0,10,,,
25881A6611,NERELLA DEEPIKA,A,2,9.25,0,88.89,0,10,-0.25,-2.99,0.0
25881A6612,THUMU ESWAR,A,1,4.45,3,84.38,3,7,,,
25881A6612,THUMU ESWAR,A,2,6.5,0,78.16,0,10,2.05,-6.22,-3.0
25881A6613,GUNDALA GOURI PRIYA,A,1,9.05,0,85.62,0,10,,,
25881A6613,GUNDALA GOURI PRIYA,A,2,9.25,0,86.02,0,10,0.2,0.4,0.0
25881A6614,THOKALA GOUTHAM REDDY,A,1,7.25,0,88.27,0,10,,,
25881A6614,THOKALA GOUTHAM REDDY,A,2,5.7,1,73.62,1,9,-1.55,-14.65,1.0
25881A6615,K HARI HARA VARDHAN GOUD,A,1,6.95,0,89.74,0,10,,,
25881A6615,K HARI HARA VARDHAN GOUD,A,2,7.15,0,86.48,0,10,0.2,-3.26,0.0
25881A6616,RAPARTHI HARI CHARAN,A,1,4.7,2,89.77,2,8,,,
25881A6616,RAPARTHI HARI CHARAN,A,2,3.45,3,81.6,3,7,-1.25,-8.17,1.0
25881A6617,SAGRLA HARIKA,A,1,7.95,0,86.01,0,10,,,
25881A6617,SAGRLA HARIKA,A,2,7.4,0,83.98,0,10,-0.55,-2.03,0.0
25881A6618,HARIKA DAVUPATI,A,1,7.3,0,89.77,0,10,,,
25881A6618,HARIKA DAVUPATI,A,2,8.05,0,92.57,0,10,0.75,2.8,0.0
25881A6619,ABDUL HASEEB AHMED,A,1,7.7,0,84.6,0,10,,,
25881A6619,ABDUL HASEEB AHMED,A,2,7.25,0,74.82,0,10,-0.45,-9.78,0.0
25881A6620,KUNTA JASHWANTH,A,1,8.65,0,91.18,0,10,,,
25881A6620,KUNTA JASHWANTH,A,2,8.85,0,82.67,0,10,0.2,-8.51,0.0
25881A6621,MADAGANI JASHWANTH,A,1,4.55,2,92.05,2,8,,,
25881A6621,MADAGANI JASHWANTH,A,2,3.4,3,82.72,3,7,-1.15,-9.33,1.0
25881A6622,PENDYALA JESHWANTH,A,1,1.75,5,67.83,5,5,,,
25881A6622,PENDYALA JESHWANTH,A,2,2.65,4,69.12,4,6,0.9,1.29,-1.0
25881A6623,MANDHA LAKSHMIKAR REDDY,A,1,9.05,0,93.54,0,10,,,
25881A6623,MANDHA LAKSHMIKAR REDDY,A,2,8.1,0,81.21,0,10,-0.95,-12.33,0.0
25881A6624,K LOKESH,A,1,9.5,0,81.71,0,10,,,
25881A6624,K LOKESH,A,2,9.15,0,76.0,0,10,-0.35,-5.71,0.0
25881A6625,MANASA SHARMA K,A,1,8.3,0,81.07,0,10,,,
25881A6625,MANASA SHARMA K,A,2,8.35,0,78.03,0,10,0.05,-3.04,0.0
25881A6626,JUVVANTHULA MANEESH REDDY,A,1,1.85,5,88.85,5,5,,,
25881A6626,JUVVANTHULA MANEESH REDDY,A,2,2.7,4,78.13,4,6,0.85,-10.72,-1.0
25881A6627,POCHABOINA MANISH YADAV,A,1,8.35,0,91.74,0,10,,,
25881A6627,POCHABOINA MANISH YADAV,A,2,8.55,0,81.73,0,10,0.2,-10.01,0.0
25881A6628,JERIPOTHULA MOKSHA,A,1,8.35,0,88.11,0,10,,,
25881A6628,JERIPOTHULA MOKSHA,A,2,8.15,0,82.69,0,10,-0.2,-5.42,0.0
25881A6629,MOHAMMED MUDDABIR AHMED,A,1,5.9,1,85.17,1,9,,,
25881A6629,MOHAMMED MUDDABIR AHMED,A,2,6.65,0,80.3,0,10,0.75,-4.87,-1.0
25881A6630,MOHAMMED NAJEEB AHMED,A,1,8.35,0,87.33,0,10,,,
25881A6630,MOHAMMED NAJEEB AHMED,A,2,8.85,0,83.1,0,10,0.5,-4.23,0.0
25881A6631,ITTABOYINA NIKHIL,A,1,9.35,0,91.46,0,10,,,
25881A6631,ITTABOYINA NIKHIL,A,2,9.35,0,85.91,0,10,0.0,-5.55,0.0
25881A6632,PARVATHA NISHANTH KUMAR,A,1,8.3,0,94.66,0,10,,,
25881A6632,PARVATHA NISHANTH KUMAR,A,2,7.75,0,91.51,0,10,-0.55,-3.15,0.0
25881A6633,MEESALA NITHISH KUMAR,A,1,9.0,0,93.22,0,10,,,
25881A6633,MEESALA NITHISH KUMAR,A,2,8.4,0,84.18,0,10,-0.6,-9.04,0.0
25881A6634,THOTA PRANEETH REDDY,A,1,8.9,0,96.7,0,10,,,
25881A6634,THOTA PRANEETH REDDY,A,2,8.65,0,82.34,0,10,-0.25,-14.36,0.0
25881A6635,KALLURI RAM CHARAN,A,1,6.0,1,86.97,1,9,,,
25881A6635,KALLURI RAM CHARAN,A,2,5.35,1,80.94,1,9,-0.65,-6.03,0.0
25881A6636,RAMAVATH RAM CHARAN,A,1,4.5,2,88.29,2,8,,,
25881A6636,RAMAVATH RAM CHARAN,A,2,3.7,3,74.76,3,7,-0.8,-13.53,1.0
25881A6637,SIRIPELLY RAMAKRISHNA,A,1,8.5,0,87.12,0,10,,,
25881A6637,SIRIPELLY RAMAKRISHNA,A,2,7.4,0,72.09,0,10,-1.1,-15.03,0.0
25881A6638,BANDI RAMCHARAN,A,1,8.7,0,85.73,0,10,,,
25881A6638,BANDI RAMCHARAN,A,2,8.45,0,80.64,0,10,-0.25,-5.09,0.0
25881A6639,ANKAM RISHITHA,A,1,9.1,0,95.93,0,10,,,
25881A6639,ANKAM RISHITHA,A,2,8.65,0,87.32,0,10,-0.45,-8.61,0.0
25881A6640,PALVAI SAHAN REDDY,A,1,4.35,2,88.4,2,8,,,
25881A6640,PALVAI SAHAN REDDY,A,2,3.55,3,82.91,3,7,-0.8,-5.49,1.0
25881A6641,GATTU SAI NATH,A,1,7.75,0,86.29,0,10,,,
25881A6641,GATTU SAI NATH,A,2,7.0,0,76.97,0,10,-0.75,-9.32,0.0
25881A6642,SIDDAMSETTI SAI VAISHNAVI,A,1,8.85,0,96.13,0,10,,,
25881A6642,SIDDAMSETTI SAI VAISHNAVI,A,2,8.6,0,92.7,0,10,-0.25,-3.43,0.0
25881A6643,SAICHARAN REDDY KARNATI,A,1,3.75,3,95.64,3,7,,,
25881A6643,SAICHARAN REDDY KARNATI,A,2,3.4,3,87.37,3,7,-0.35,-8.27,0.0
25881A6644,MEKALA SAISRI,A,1,8.55,0,88.88,0,10,,,
25881A6644,MEKALA SAISRI,A,2,8.3,0,82.01,0,10,-0.25,-6.87,0.0
25881A6645,SYED SHAHNAWAZ,A,1,7.05,0,91.07,0,10,,,
25881A6645,SYED SHAHNAWAZ,A,2,6.7,0,80.14,0,10,-0.35,-10.93,0.0
25881A6646,DHARAVATH SHARATH KUMAR,A,1,7.2,0,91.64,0,10,,,
25881A6646,DHARAVATH SHARATH KUMAR,A,2,6.8,0,84.62,0,10,-0.4,-7.02,0.0
25881A6647,CH SHREYAS,A,1,8.25,0,90.59,0,10,,,
25881A6647,CH SHREYAS,A,2,7.5,0,81.84,0,10,-0.75,-8.75,0.0
25881A6648,THALLA SHRINIDHI,A,1,6.65,0,85.78,0,10,,,
25881A6648,THALLA SHRINIDHI,A,2,6.9,0,85.01,0,10,0.25,-0.77,0.0
25881A6649,KARPE SIRIVALLI,A,1,8.8,0,97.06,0,10,,,
25881A6649,KARPE SIRIVALLI,A,2,8.7,0,92.68,0,10,-0.1,-4.38,0.0
25881A6650,APPANA SOWMYA SRI,A,1,0.0,10,76.32,10,0,,,
25881A6650,APPANA SOWMYA SRI,A,2,1.4,7,67.53,7,3,1.4,-8.79,-3.0
25881A6651,SANGANI SRI CHANDANA,A,1,9.45,0,90.02,0,10,,,
25881A6651,SANGANI SRI CHANDANA,A,2,9.25,0,84.26,0,10,-0.2,-5.76,0.0
25881A6652,PEDDI SRICHARAN,A,1,8.85,0,88.99,0,10,,,
25881A6652,PEDDI SRICHARAN,A,2,8.3,0,76.83,0,10,-0.55,-12.16,0.0
25881A6653,JAVVAJI SRIJITH,A,1,8.55,0,95.59,0,10,,,
25881A6653,JAVVAJI SRIJITH,A,2,8.3,0,85.69,0,10,-0.25,-9.9,0.0
25881A6654,MORTHAD SRINIDHI,A,1,8.8,0,91.16,0,10,,,
25881A6654,MORTHAD SRINIDHI,A,2,8.0,0,87.09,0,10,-0.8,-4.07,0.0
25881A6655,CHANDA SRINIVASA SHAILESH GUPTA,A,1,6.05,1,95.39,1,9,,,
25881A6655,CHANDA SRINIVASA SHAILESH GUPTA,A,2,7.05,0,93.15,0,10,1.0,-2.24,-1.0
25881A6656,Y SRIRAM,A,1,8.65,0,93.38,0,10,,,
25881A6656,Y SRIRAM,A,2,7.65,0,79.62,0,10,-1.0,-13.76,0.0
25881A6657,THIPPANI SUDEEKSHA REDDY,A,1,4.75,2,76.3,2,8,,,
25881A6657,THIPPANI SUDEEKSHA REDDY,A,2,4.6,2,66.9,2,8,-0.15,-9.4,0.0
25881A6658,MOHAMMED SUFIYAN,A,1,6.7,1,94.29,1,9,,,
25881A6658,MOHAMMED SUFIYAN,A,2,5.85,1,87.67,1,9,-0.85,-6.62,0.0
25881A6659,MANDLA VAISHALI,A,1,9.35,0,96.88,0,10,,,
25881A6659,MANDLA VAISHALI,A,2,9.0,0,89.25,0,10,-0.35,-7.63,0.0
25881A6660,NAGABANDI VAISHNAVI,A,1,9.15,0,91.44,0,10,,,
25881A6660,NAGABANDI VAISHNAVI,A,2,8.45,0,84.95,0,10,-0.7,-6.49,0.0
25881A6661,SATU VAMSHI KRISHNA,A,1,7.5,0,87.15,0,10,,,
25881A6661,SATU VAMSHI KRISHNA,A,2,6.7,0,79.91,0,10,-0.8,-7.24,0.0
25881A6662,P VEERA SHANKAR REDDY,A,1,9.3,0,96.26,0,10,,,
25881A6662,P VEERA SHANKAR REDDY,A,2,9.1,0,88.8,0,10,-0.2,-7.46,0.0
25881A6663,BURAM VIASHNAVI,A,1,6.5,0,96.18,0,10,,,
25881A6663,BURAM VIASHNAVI,A,2,6.85,0,90.71,0,10,0.35,-5.47,0.0
25881A6664,NEERUDU VIVEK,A,1,9.5,0,88.94,0,10,,,
25881A6664,NEERUDU VIVEK,A,2,9.0,0,83.47,0,10,-0.5,-5.47,0.0
25881A6665,KAMATHAM YASHWANTH,A,1,6.8,0,89.36,0,10,,,
25881A6665,KAMATHAM YASHWANTH,A,2,3.7,3,77.63,3,7,-3.1,-11.73,3.0
25881A6666,GUDA ADHI YADAV,B,1,9.3,0,95.55,0,10,,,
25881A6666,GUDA ADHI YADAV,B,2,8.7,0,82.68,0,10,-0.6,-12.87,0.0
25881A6667,PALAMOOR ADITHYA GOUD,B,1,8.95,0,74.28,0,10,,,
25881A6667,PALAMOOR ADITHYA GOUD,B,2,8.45,0,76.34,0,10,-0.5,2.06,0.0
25881A6668,SHAHBAZ AHMED KHAN,B,1,8.8,0,84.36,0,10,,,
25881A6668,SHAHBAZ AHMED KHAN,B,2,8.0,0,80.01,0,10,-0.8,-4.35,0.0
25881A6669,KARLA AKSHYA REDDY,B,1,9.45,0,90.54,0,10,,,
25881A6669,KARLA AKSHYA REDDY,B,2,8.7,0,82.62,0,10,-0.75,-7.92,0.0
25881A6670,PADAMATI ASHWITHA REDDY,B,1,7.5,0,88.57,0,10,,,
25881A6670,PADAMATI ASHWITHA REDDY,B,2,8.0,0,80.62,0,10,0.5,-7.95,0.0
25881A6671,PUSULURI BIPIN,B,1,8.7,0,96.62,0,10,,,
25881A6671,PUSULURI BIPIN,B,2,8.95,0,87.2,0,10,0.25,-9.42,0.0
25881A6672,PUNNA CHARAN TEJ,B,1,7.6,0,74.84,0,10,,,
25881A6672,PUNNA CHARAN TEJ,B,2,7.9,0,76.82,0,10,0.3,1.98,0.0
25881A6673,BODDU DAVID RAJ,B,1,9.1,0,91.95,0,10,,,
25881A6673,BODDU DAVID RAJ,B,2,8.2,0,81.61,0,10,-0.9,-10.34,0.0
25881A6674,ARASANI DEEPIKA,B,1,5.45,1,91.01,1,9,,,
25881A6674,ARASANI DEEPIKA,B,2,4.55,2,76.93,2,8,-0.9,-14.08,1.0
25881A6675,DUNNA DURGA VENKATA SAI,B,1,3.7,3,77.4,3,7,,,
25881A6675,DUNNA DURGA VENKATA SAI,B,2,3.05,3,75.44,3,7,-0.65,-1.96,0.0
25881A6676,B GOKUL SAI REDDY,B,1,9.2,0,93.63,0,10,,,
25881A6676,B GOKUL SAI REDDY,B,2,8.7,0,84.03,0,10,-0.5,-9.6,0.0
25881A6677,NITI GOYAL,B,1,8.95,0,90.33,0,10,,,
25881A6677,NITI GOYAL,B,2,9.2,0,84.02,0,10,0.25,-6.31,0.0
25881A6678,GUDALA GRACE PAUL,B,1,8.0,0,86.21,0,10,,,
25881A6678,GUDALA GRACE PAUL,B,2,7.45,0,76.03,0,10,-0.55,-10.18,0.0
25881A6679,DAMIREDDY HARSHA VARDHAN REDDY,B,1,4.45,2,86.43,2,8,,,
25881A6679,DAMIREDDY HARSHA VARDHAN REDDY,B,2,4.1,2,66.36,2,8,-0.35,-20.07,0.0
25881A6680,KUNDARAPU HARSHAVARDHAN,B,1,9.05,0,86.86,0,10,,,
25881A6680,KUNDARAPU HARSHAVARDHAN,B,2,7.8,0,78.58,0,10,-1.25,-8.28,0.0
25881A6681,TUMU HASINI,B,1,7.7,0,92.48,0,10,,,
25881A6681,TUMU HASINI,B,2,7.6,0,84.93,0,10,-0.1,-7.55,0.0
25881A6682,TANGELLA KALYAN RAJU,B,1,9.55,0,91.86,0,10,,,
25881A6682,TANGELLA KALYAN RAJU,B,2,9.3,0,79.94,0,10,-0.25,-11.92,0.0
25881A6683,POTURAJU KALYANI,B,1,7.35,1,93.92,1,9,,,
25881A6683,POTURAJU KALYANI,B,2,8.0,0,82.91,0,10,0.65,-11.01,-1.0
25881A6684,KURA KAUSHIK RAJ,B,1,7.4,0,86.11,0,10,,,
25881A6684,KURA KAUSHIK RAJ,B,2,8.15,0,77.98,0,10,0.75,-8.13,0.0
25881A6685,KUNAL SINGH,B,1,9.95,0,85.3,0,10,,,
25881A6685,KUNAL SINGH,B,2,9.4,0,76.76,0,10,-0.55,-8.54,0.0
25881A6686,PEDDAGOLLA LEELA BHAVANI,B,1,8.9,0,90.54,0,10,,,
25881A6686,PEDDAGOLLA LEELA BHAVANI,B,2,9.0,0,82.89,0,10,0.1,-7.65,0.0
25881A6687,VANKADARI LOKESH,B,1,8.55,0,92.26,0,10,,,
25881A6687,VANKADARI LOKESH,B,2,8.65,0,81.02,0,10,0.1,-11.24,0.0
25881A6688,RAPARTHI MAHATHI,B,1,7.7,0,94.57,0,10,,,
25881A6688,RAPARTHI MAHATHI,B,2,7.0,0,90.0,0,10,-0.7,-4.57,0.0
25881A6689,KOMMARAJULA MANI,B,1,9.3,0,90.37,0,10,,,
25881A6689,KOMMARAJULA MANI,B,2,8.45,0,77.74,0,10,-0.85,-12.63,0.0
25881A6690,SADALA MANISH REDDY,B,1,5.1,1,97.71,1,9,,,
25881A6690,SADALA MANISH REDDY,B,2,4.65,1,89.63,1,9,-0.45,-8.08,0.0
25881A6691,MENDE MEGHANA,B,1,8.75,0,94.38,0,10,,,
25881A6691,MENDE MEGHANA,B,2,8.15,0,88.14,0,10,-0.6,-6.24,0.0
25881A6692,NADIKATTU NAGA SHIVANI,B,1,9.05,0,97.75,0,10,,,
25881A6692,NADIKATTU NAGA SHIVANI,B,2,8.9,0,87.95,0,10,-0.15,-9.8,0.0
25881A6693,BATHULA NIHARIKA,B,1,9.8,0,99.7,0,10,,,
25881A6693,BATHULA NIHARIKA,B,2,9.7,0,94.02,0,10,-0.1,-5.68,0.0
25881A6694,GOGGA PRADEEP,B,1,7.7,0,88.33,0,10,,,
25881A6694,GOGGA PRADEEP,B,2,7.2,0,83.99,0,10,-0.5,-4.34,0.0
25881A6695,CHINNAPAGA PRASHANH KUMAR,B,1,5.4,1,76.28,1,9,,,
25881A6695,CHINNAPAGA PRASHANH KUMAR,B,2,7.05,0,76.13,0,10,1.65,-0.15,-1.0
25881A6696,BUKYA PRAVEEN KUMAR,B,1,8.95,0,92.55,0,10,,,
25881A6696,BUKYA PRAVEEN KUMAR,B,2,8.45,0,85.28,0,10,-0.5,-7.27,0.0
25881A6697,K RAGHAVENDRA,B,1,8.1,0,90.75,0,10,,,
25881A6697,K RAGHAVENDRA,B,2,8.3,0,88.44,0,10,0.2,-2.31,0.0
25881A6698,YELLAREDDY RAGHAVENDRA REDDY,B,1,7.3,0,86.49,0,10,,,
25881A6698,YELLAREDDY RAGHAVENDRA REDDY,B,2,7.4,0,84.86,0,10,0.1,-1.63,0.0
25881A6699,RAJEEV KUMAR SINGH,B,1,8.5,0,88.69,0,10,,,
25881A6699,RAJEEV KUMAR SINGH,B,2,8.25,0,82.03,0,10,-0.25,-6.66,0.0
25881A66A0,SATTOOR RITESH GOUD,B,1,7.35,0,95.78,0,10,,,
25881A66A0,SATTOOR RITESH GOUD,B,2,7.2,0,87.95,0,10,-0.15,-7.83,0.0
25881A66A1,GURRALA RITHWICK REDDY,B,1,1.85,5,86.14,5,5,,,
25881A66A1,GURRALA RITHWICK REDDY,B,2,2.5,4,75.42,4,6,0.65,-10.72,-1.0
25881A66A2,CHUNCHU ROHITH SRINIVAS,B,1,8.55,0,85.06,0,10,,,
25881A66A2,CHUNCHU ROHITH SRINIVAS,B,2,7.95,0,78.01,0,10,-0.6,-7.05,0.0
25881A66A3,RUDHRATEJA CHITHARU,B,1,8.15,0,88.87,0,10,,,
25881A66A3,RUDHRATEJA CHITHARU,B,2,7.8,0,81.67,0,10,-0.35,-7.2,0.0
25881A66A4,TUSAMBAD RUTHIKA,B,1,8.1,0,85.16,0,10,,,
25881A66A4,TUSAMBAD RUTHIKA,B,2,7.55,0,80.16,0,10,-0.55,-5.0,0.0
25881A66A5,DONALA SAHASRA,B,1,6.6,0,93.5,0,10,,,
25881A66A5,DONALA SAHASRA,B,2,6.15,1,83.3,1,9,-0.45,-10.2,1.0
25881A66A6,AKKAPELLI SAI SUSHANTH,B,1,8.8,0,82.92,0,10,,,
25881A66A6,AKKAPELLI SAI SUSHANTH,B,2,8.25,0,75.19,0,10,-0.55,-7.73,0.0
25881A66A7,BHEEMA SAI RINISH REDDY,B,1,8.6,0,94.36,0,10,,,
25881A66A7,BHEEMA SAI RINISH REDDY,B,2,8.35,0,85.02,0,10,-0.25,-9.34,0.0
25881A66A8,KOMATIREDDY SAI VARSHITHA,B,1,8.9,0,89.81,0,10,,,
25881A66A8,KOMATIREDDY SAI VARSHITHA,B,2,8.75,0,83.88,0,10,-0.15,-5.93,0.0
25881A66A9,MUNIGALA SAI RAJ,B,1,7.5,0,95.15,0,10,,,
25881A66A9,MUNIGALA SAI RAJ,B,2,6.1,1,84.74,1,9,-1.4,-10.41,1.0
25881A66B0,PATLOLLA SAI JASHWANTH REDDY,B,1,7.95,0,92.18,0,10,,,
25881A66B0,PATLOLLA SAI JASHWANTH REDDY,B,2,7.85,0,82.1,0,10,-0.1,-10.08,0.0
25881A66B1,THUMU SAI KARTHIK,B,1,7.5,0,88.66,0,10,,,
25881A66B1,THUMU SAI KARTHIK,B,2,7.25,0,78.09,0,10,-0.25,-10.57,0.0
25881A66B2,KARNATI SAINITHIN,B,1,7.85,0,91.08,0,10,,,
25881A66B2,KARNATI SAINITHIN,B,2,7.35,0,81.2,0,10,-0.5,-9.88,0.0
25881A66B3,INDLA SAKETHA RAM,B,1,9.0,0,95.55,0,10,,,
25881A66B3,INDLA SAKETHA RAM,B,2,8.6,0,84.79,0,10,-0.4,-10.76,0.0
25881A66B4,MOHAMMAD SAMI,B,1,5.4,1,80.14,1,9,,,
25881A66B4,MOHAMMAD SAMI,B,2,5.65,1,75.76,1,9,0.25,-4.38,0.0
25881A66B5,KORRA SANJAY CHOUHAN,B,1,1.8,5,75.23,5,5,,,
25881A66B6,THASHAMSHETTY SATHWIK,B,1,4.6,2,79.02,2,8,,,
25881A66B6,THASHAMSHETTY SATHWIK,B,2,2.35,4,75.53,4,6,-2.25,-3.49,2.0
25881A66B7,NENAVATH SAVITHA,B,1,8.95,0,90.89,0,10,,,
25881A66B7,NENAVATH SAVITHA,B,2,9.1,0,87.9,0,10,0.15,-2.99,0.0
25881A66B8,KOLAN SHARNIKA,B,1,6.9,0,84.48,0,10,,,
25881A66B8,KOLAN SHARNIKA,B,2,7.7,0,85.08,0,10,0.8,0.6,0.0
25881A66B9,NALLELA SHIVA,B,1,7.65,0,88.83,0,10,,,
25881A66B9,NALLELA SHIVA,B,2,8.25,0,81.69,0,10,0.6,-7.14,0.0
25881A66C0,BUDDULA SHRIVALLI,B,1,6.3,0,89.94,0,10,,,
25881A66C0,BUDDULA SHRIVALLI,B,2,4.1,2,78.03,2,8,-2.2,-11.91,2.0
25881A66C1,K SHRUTHI,B,1,9.65,0,96.32,0,10,,,
25881A66C1,K SHRUTHI,B,2,9.25,0,92.16,0,10,-0.4,-4.16,0.0
25881A66C2,NELLURI SMARAN,B,1,3.05,4,86.12,4,6,,,
25881A66C2,NELLURI SMARAN,B,2,3.0,3,65.82,3,7,-0.05,-20.3,-1.0
25881A66C3,MARAVENI SPURTHI,B,1,9.65,0,93.09,0,10,,,
25881A66C3,MARAVENI SPURTHI,B,2,8.65,0,83.06,0,10,-1.0,-10.03,0.0
25881A66C4,BANTU TANU SRI,B,1,9.7,0,91.83,0,10,,,
25881A66C4,BANTU TANU SRI,B,2,9.25,0,87.31,0,10,-0.45,-4.52,0.0
25881A66C5,BHUKYA THARUN,B,1,7.05,0,85.6,0,10,,,
25881A66C5,BHUKYA THARUN,B,2,6.85,0,74.81,0,10,-0.2,-10.79,0.0
25881A66C6,MACHARLA VAGDEVI,B,1,7.55,0,90.5,0,10,,,
25881A66C6,MACHARLA VAGDEVI,B,2,5.75,1,79.05,1,9,-1.8,-11.45,1.0
25881A66C7,NAKKA VENU,B,1,8.45,0,86.27,0,10,,,
25881A66C7,NAKKA VENU,B,2,8.3,0,85.22,0,10,-0.15,-1.05,0.0
25881A66C8,BANOTH VIGNESWAR,B,1,8.0,0,91.75,0,10,,,
25881A66C8,BANOTH VIGNESWAR,B,2,7.7,0,79.9,0,10,-0.3,-11.85,0.0
25881A66C9,SHAIK YASAR ARAFATH,B,1,9.1,0,96.33,0,10,,,
25881A66C9,SHAIK YASAR ARAFATH,B,2,9.3,0,85.43,0,10,0.2,-10.9,0.0
25881A66D0,BOJJA ADITHYA,C,1,7.95,0,86.86,0,10,,,
25881A66D0,BOJJA ADITHYA,C,2,7.3,0,76.72,0,10,-0.65,-10.14,0.0
25881A66D1,AKKANGARI AKSHITHA,C,1,9.5,0,89.54,0,10,,,
25881A66D1,AKKANGARI AKSHITHA,C,2,8.9,0,88.07,0,10,-0.6,-1.47,0.0
25881A66D2,KASARAVENI AKSHITHA,C,1,8.95,0,93.3,0,10,,,
25881A66D2,KASARAVENI AKSHITHA,C,2,8.8,0,91.58,0,10,-0.15,-1.72,0.0
25881A66D3,POTU AMULYA,C,1,9.0,0,92.09,0,10,,,
25881A66D3,POTU AMULYA,C,2,8.85,0,90.41,0,10,-0.15,-1.68,0.0
25881A66D4,MOHD ANAS,C,1,7.75,0,88.14,0,10,,,
25881A66D4,MOHD ANAS,C,2,6.85,0,77.97,0,10,-0.9,-10.17,0.0
25881A66D5,SAFA AQEEL,C,1,9.3,0,83.45,0,10,,,
25881A66D5,SAFA AQEEL,C,2,9.6,0,79.38,0,10,0.3,-4.07,0.0
25881A66D6,NAROJU ARAVIND,C,1,8.9,0,81.35,0,10,,,
25881A66D6,NAROJU ARAVIND,C,2,8.95,0,78.77,0,10,0.05,-2.58,0.0
25881A66D7,BHUKYA ASMITHA,C,1,6.55,1,92.08,1,9,,,
25881A66D7,BHUKYA ASMITHA,C,2,7.6,0,87.59,0,10,1.05,-4.49,-1.0
25881A66D8,DONTHIREDDY BHAVESH,C,1,7.35,0,94.78,0,10,,,
25881A66D8,DONTHIREDDY BHAVESH,C,2,7.2,0,80.94,0,10,-0.15,-13.84,0.0
25881A66D9,THOTAKURI BHAVYA,C,1,7.95,0,85.87,0,10,,,
25881A66D9,THOTAKURI BHAVYA,C,2,8.8,0,81.05,0,10,0.85,-4.82,0.0
25881A66E0,CHERUKUPALLY CHAITANYA AKSHITH,C,1,9.1,0,92.26,0,10,,,
25881A66E0,CHERUKUPALLY CHAITANYA AKSHITH,C,2,8.8,0,82.73,0,10,-0.3,-9.53,0.0
25881A66E1,ALETI CHARAN,C,1,8.7,0,76.72,0,10,,,
25881A66E1,ALETI CHARAN,C,2,7.4,0,76.77,0,10,-1.3,0.05,0.0
25881A66E2,BOMMANABOINA CHETAN,C,1,7.95,0,84.44,0,10,,,
25881A66E2,BOMMANABOINA CHETAN,C,2,7.65,0,77.09,0,10,-0.3,-7.35,0.0
25881A66E3,TALLA DINESH GOUD,C,1,7.9,0,90.57,0,10,,,
25881A66E3,TALLA DINESH GOUD,C,2,8.05,0,78.49,0,10,0.15,-12.08,0.0
25881A66E4,GANESH SAINI,C,1,9.05,0,94.1,0,10,,,
25881A66E4,GANESH SAINI,C,2,8.4,0,90.67,0,10,-0.65,-3.43,0.0
25881A66E5,NENAVATH HANMANTHU,C,1,8.9,0,84.1,0,10,,,
25881A66E5,NENAVATH HANMANTHU,C,2,9.1,0,78.64,0,10,0.2,-5.46,0.0
25881A66E6,ABBANBOINA HARIKA,C,1,9.15,0,89.17,0,10,,,
25881A66E6,ABBANBOINA HARIKA,C,2,8.8,0,84.13,0,10,-0.35,-5.04,0.0
25881A66E7,SUNKOJU HARSHITH,C,1,2.1,6,75.81,6,4,,,
25881A66E7,SUNKOJU HARSHITH,C,2,2.75,5,75.09,5,5,0.65,-0.72,-1.0
25881A66E8,HARSHITH JHAJHRYA,C,1,9.5,0,91.81,0,10,,,
25881A66E8,HARSHITH JHAJHRYA,C,2,9.3,0,87.12,0,10,-0.2,-4.69,0.0
25881A66E9,DEVULAPALLY HASINI REDDY,C,1,4.95,2,91.56,2,8,,,
25881A66E9,DEVULAPALLY HASINI REDDY,C,2,5.95,1,83.96,1,9,1.0,-7.6,-1.0
25881A66F0,G HEMANATHA REDDY,C,1,6.4,1,88.81,1,9,,,
25881A66F0,G HEMANATHA REDDY,C,2,6.75,0,84.3,0,10,0.35,-4.51,-1.0
25881A66F1,BASAVESHA HIREMATH,C,1,7.9,0,86.4,0,10,,,
25881A66F1,BASAVESHA HIREMATH,C,2,7.9,0,82.05,0,10,0.0,-4.35,0.0
25881A66F2,SARDARNI JASMEET KAUR,C,1,7.8,0,83.7,0,10,,,
25881A66F2,SARDARNI JASMEET KAUR,C,2,7.4,0,79.82,0,10,-0.4,-3.88,0.0
25881A66F3,PALLEMPATI JATHIN,C,1,9.0,0,93.74,0,10,,,
25881A66F3,PALLEMPATI JATHIN,C,2,8.65,0,85.58,0,10,-0.35,-8.16,0.0
25881A66F4,JARUGUMALLI JOY BENJMEN,C,1,2.35,5,64.28,5,5,,,
25881A66F4,JARUGUMALLI JOY BENJMEN,C,2,2.25,5,66.32,5,5,-0.1,2.04,0.0
25881A66F5,CHILAKALA KARTHIKEYA,C,1,6.4,1,75.27,1,9,,,
25881A66F5,CHILAKALA KARTHIKEYA,C,2,6.3,0,65.65,0,10,-0.1,-9.62,-1.0
25881A66F6,BALIJA MADHUSHALINI,C,1,8.45,0,92.8,0,10,,,
25881A66F6,BALIJA MADHUSHALINI,C,2,8.5,0,82.95,0,10,0.05,-9.85,0.0
25881A66F7,DEBOJIT MAJUMDAR,C,1,6.25,1,77.22,1,9,,,
25881A66F7,DEBOJIT MAJUMDAR,C,2,6.85,0,76.58,0,10,0.6,-0.64,-1.0
25881A66F8,BADUGU MANIVARSHITH,C,1,8.75,0,91.78,0,10,,,
25881A66F8,BADUGU MANIVARSHITH,C,2,8.9,0,77.91,0,10,0.15,-13.87,0.0
25881A66F9,MANCHINILLA MANOJ,C,1,7.15,0,77.79,0,10,,,
25881A66F9,MANCHINILLA MANOJ,C,2,7.0,0,77.18,0,10,-0.15,-0.61,0.0
25881A66G0,BACHALWAD MARUTHI,C,1,8.5,0,89.73,0,10,,,
25881A66G0,BACHALWAD MARUTHI,C,2,7.95,0,89.47,0,10,-0.55,-0.26,0.0
25881A66G1,ERUVA MOHITH,C,1,8.8,0,94.6,0,10,,,
25881A66G1,ERUVA MOHITH,C,2,8.9,0,88.3,0,10,0.1,-6.3,0.0
25881A66G2,MUHAMMAD MUSTAFA,C,1,9.4,0,93.89,0,10,,,
25881A66G2,MUHAMMAD MUSTAFA,C,2,9.2,0,80.08,0,10,-0.2,-13.81,0.0
25881A66G3,MALINENI NAGA TEJA SRI,C,1,4.1,3,88.13,3,7,,,
25881A66G3,MALINENI NAGA TEJA SRI,C,2,5.65,1,75.99,1,9,1.55,-12.14,-2.0
25881A66G4,MEDIPELLI NANDHINI,C,1,9.05,0,87.52,0,10,,,
25881A66G4,MEDIPELLI NANDHINI,C,2,9.0,0,87.83,0,10,-0.05,0.31,0.0
25881A66G5,PALADI NITEESH,C,1,7.45,0,86.59,0,10,,,
25881A66G5,PALADI NITEESH,C,2,5.9,1,72.88,1,9,-1.55,-13.71,1.0
25881A66G6,RACHAKONDA POOJITHA,C,1,7.55,0,82.37,0,10,,,
25881A66G6,RACHAKONDA POOJITHA,C,2,7.55,0,79.39,0,10,0.0,-2.98,0.0
25881A66G7,MADAKA PRANATHI LASYA,C,1,8.15,0,84.33,0,10,,,
25881A66G7,MADAKA PRANATHI LASYA,C,2,7.05,0,67.48,0,10,-1.1,-16.85,0.0
25881A66G8,PULLURI RAGHU CHARAN,C,1,9.05,0,85.58,0,10,,,
25881A66G8,PULLURI RAGHU CHARAN,C,2,8.8,0,83.35,0,10,-0.25,-2.23,0.0
25881A66G9,PADISHALA RAJEEV KUMAR,C,1,4.1,3,83.26,3,7,,,
25881A66G9,PADISHALA RAJEEV KUMAR,C,2,5.0,1,82.53,1,9,0.9,-0.73,-2.0
25881A66H0,RANGA REDDY LAASYA,C,1,5.55,1,79.68,1,9,,,
25881A66H0,RANGA REDDY LAASYA,C,2,6.05,1,79.79,1,9,0.5,0.11,0.0
25881A66H1,POOLA REVANTH KUMAR,C,1,5.5,1,90.11,1,9,,,
25881A66H1,POOLA REVANTH KUMAR,C,2,6.8,0,75.97,0,10,1.3,-14.14,-1.0
25881A66H2,REDDY RICHITHA REDDY,C,1,8.35,0,91.62,0,10,,,
25881A66H2,REDDY RICHITHA REDDY,C,2,8.75,0,83.58,0,10,0.4,-8.04,0.0
25881A66H3,MUNNANGI RUDRA SAI PRATAP REDDY,C,1,9.55,0,96.55,0,10,,,
25881A66H3,MUNNANGI RUDRA SAI PRATAP REDDY,C,2,9.4,0,86.31,0,10,-0.15,-10.24,0.0
25881A66H4,PENDEM SADHVIK,C,1,9.3,0,86.31,0,10,,,
25881A66H4,PENDEM SADHVIK,C,2,9.45,0,79.65,0,10,0.15,-6.66,0.0
25881A66H5,MOGILIGIDDA SAHITHI,C,1,9.55,0,94.04,0,10,,,
25881A66H5,MOGILIGIDDA SAHITHI,C,2,8.9,0,91.08,0,10,-0.65,-2.96,0.0
25881A66H6,C SAI NEEHAL,C,1,8.9,0,82.12,0,10,,,
25881A66H6,C SAI NEEHAL,C,2,8.4,0,76.62,0,10,-0.5,-5.5,0.0
25881A66H7,NAGUNURI SAI CHARAN TEJA,C,1,4.25,3,86.72,3,7,,,
25881A66H7,NAGUNURI SAI CHARAN TEJA,C,2,6.3,0,84.2,0,10,2.05,-2.52,-3.0
25881A66H8,MUYYALI SANJAY,C,1,3.0,4,75.18,4,6,,,
25881A66H8,MUYYALI SANJAY,C,2,3.35,3,73.24,3,7,0.35,-1.94,-1.0
25881A66H9,JERPULA SANTHOSH,C,1,5.1,2,75.03,2,8,,,
25881A66H9,JERPULA SANTHOSH,C,2,5.0,1,78.2,1,9,-0.1,3.17,-1.0
25881A66J0,MADIGA SHAILAJA,C,1,8.7,0,97.94,0,10,,,
25881A66J0,MADIGA SHAILAJA,C,2,9.05,0,88.01,0,10,0.35,-9.93,0.0
25881A66J1,MUDDALA SHIVADEEPTHI,C,1,8.65,0,96.51,0,10,,,
25881A66J1,MUDDALA SHIVADEEPTHI,C,2,9.2,0,87.28,0,10,0.55,-9.23,0.0
25881A66J2,SAPAVAT SINDHU,C,1,9.0,0,94.11,0,10,,,
25881A66J2,SAPAVAT SINDHU,C,2,9.25,0,87.26,0,10,0.25,-6.85,0.0
25881A66J3,PITTALA SREE KARUNYAN,C,1,7.85,0,94.09,0,10,,,
25881A66J3,PITTALA SREE KARUNYAN,C,2,8.0,0,94.91,0,10,0.15,0.82,0.0
25881A66J4,ANNADASU SRUTHI,C,1,8.0,0,89.0,0,10,,,
25881A66J4,ANNADASU SRUTHI,C,2,7.55,0,79.83,0,10,-0.45,-9.17,0.0
25881A66J5,AVUTHU TEJ KIRAN REDDY,C,1,8.85,0,80.65,0,10,,,
25881A66J5,AVUTHU TEJ KIRAN REDDY,C,2,8.05,0,70.68,0,10,-0.8,-9.97,0.0
25881A66J6,KUCHIPUDI V S K J ABHITEJAS,C,1,8.75,0,86.47,0,10,,,
25881A66J6,KUCHIPUDI V S K J ABHITEJAS,C,2,8.45,0,75.24,0,10,-0.3,-11.23,0.0
25881A66J7,GANNAMANENI VARSHITH,C,1,8.65,0,96.19,0,10,,,
25881A66J7,GANNAMANENI VARSHITH,C,2,8.2,0,78.99,0,10,-0.45,-17.2,0.0
25881A66J8,GUGULOTH VASANTHA,C,1,1.05,7,78.93,7,3,,,
25881A66J8,GUGULOTH VASANTHA,C,2,2.5,4,74.72,4,6,1.45,-4.21,-3.0
25881A66J9,DONTHOJI VIGNESH,C,1,7.9,0,89.76,0,10,,,
25881A66J9,DONTHOJI VIGNESH,C,2,7.9,0,76.07,0,10,0.0,-13.69,0.0
25881A66K0,GUVVADI VISHAL RAO,C,1,8.5,0,86.73,0,10,,,
25881A66K0,GUVVADI VISHAL RAO,C,2,8.0,0,83.14,0,10,-0.5,-3.59,0.0
25881A66K1,POTHAGANI VISHNU VARDHAN,C,1,8.95,0,96.0,0,10,,,
25881A66K1,POTHAGANI VISHNU VARDHAN,C,2,9.25,0,79.25,0,10,0.3,-16.75,0.0
25881A66K2,KARNE YOGISHWAR SAI,C,1,8.1,0,88.34,0,10,,,
25881A66K2,KARNE YOGISHWAR SAI,C,2,8.35,0,81.65,0,10,0.25,-6.69,0.0
25881A66K3,KONDAPURAM YOUGENDER,C,1,6.0,0,85.84,0,10,,,
25881A66K3,KONDAPURAM YOUGENDER,C,2,4.1,3,78.0,3,7,-1.9,-7.84,3.0
