student_id,roll_no,student_name,section,batch
STU_25881A6601,25881A6601,PIDAKALA AASHISH,A,2025-2029
STU_25881A6602,25881A6602,BIKUMALLA AASHRITA,A,2025-2029
STU_25881A6603,25881A6603,GURRAPU ABHIRAM,A,2025-2029
STU_25881A6604,25881A6604,MUDAAVATH AKHIL,A,2025-2029
STU_25881A6605,25881A6605,PURI AKSHAY KUMAR,A,2025-2029
STU_25881A6606,25881A6606,TIPPARTHY AKSHAY,A,2025-2029
STU_25881A6607,25881A6607,UYYALA AKSHAYA,A,2025-2029
STU_25881A6608,25881A6608,SIRAMSETTI ANUSHA,A,2025-2029
STU_25881A6609,25881A6609,BYRI CHANDAN KUMAR,A,2025-2029
STU_25881A6610,25881A6610,V DEEKSHITH REDDY,A,2025-2029
STU_25881A6611,25881A6611,NERELLA DEEPIKA,A,2025-2029
STU_25881A6612,25881A6612,THUMU ESWAR,A,2025-2029
STU_25881A6613,25881A6613,GUNDALA GOURI PRIYA,A,2025-2029
STU_25881A6614,25881A6614,THOKALA GOUTHAM REDDY,A,2025-2029
STU_25881A6615,25881A6615,K HARI HARA VARDHAN GOUD,A,2025-2029
STU_25881A6616,25881A6616,RAPARTHI HARI CHARAN,A,2025-2029
STU_25881A6617,25881A6617,SAGRLA HARIKA,A,2025-2029
STU_25881A6618,25881A6618,HARIKA DAVUPATI,A,2025-2029
STU_25881A6619,25881A6619,ABDUL HASEEB AHMED,A,2025-2029
STU_25881A6620,25881A6620,KUNTA JASHWANTH,A,2025-2029
STU_25881A6621,25881A6621,MADAGANI JASHWANTH,A,2025-2029
STU_25881A6622,25881A6622,PENDYALA JESHWANTH,A,2025-2029
STU_25881A6623,25881A6623,MANDHA LAKSHMIKAR REDDY,A,2025-2029
STU_25881A6624,25881A6624,K LOKESH,A,2025-2029
STU_25881A6625,25881A6625,MANASA SHARMA K,A,2025-2029
STU_25881A6626,25881A6626,JUVVANTHULA MANEESH REDDY,A,2025-2029
STU_25881A6627,25881A6627,POCHABOINA MANISH YADAV,A,2025-2029
STU_25881A6628,25881A6628,JERIPOTHULA MOKSHA,A,2025-2029
STU_25881A6629,25881A6629,MOHAMMED MUDDABIR AHMED,A,2025-2029
STU_25881A6630,25881A6630,MOHAMMED NAJEEB AHMED,A,2025-2029
STU_25881A6631,25881A6631,ITTABOYINA NIKHIL,A,2025-2029
STU_25881A6632,25881A6632,PARVATHA NISHANTH KUMAR,A,2025-2029
STU_25881A6633,25881A6633,MEESALA NITHISH KUMAR,A,2025-2029
STU_25881A6634,25881A6634,THOTA PRANEETH REDDY,A,2025-2029
STU_25881A6635,25881A6635,KALLURI RAM CHARAN,A,2025-2029
STU_25881A6636,25881A6636,RAMAVATH RAM CHARAN,A,2025-2029
STU_25881A6637,25881A6637,SIRIPELLY RAMAKRISHNA,A,2025-2029
STU_25881A6638,25881A6638,BANDI RAMCHARAN,A,2025-2029
STU_25881A6639,25881A6639,ANKAM RISHITHA,A,2025-2029
STU_25881A6640,25881A6640,PALVAI SAHAN REDDY,A,2025-2029
STU_25881A6641,25881A6641,GATTU SAI NATH,A,2025-2029
STU_25881A6642,25881A6642,SIDDAMSETTI SAI VAISHNAVI,A,2025-2029
STU_25881A6643,25881A6643,SAICHARAN REDDY KARNATI,A,2025-2029
STU_25881A6644,25881A6644,MEKALA SAISRI,A,2025-2029
STU_25881A6645,25881A6645,SYED SHAHNAWAZ,A,2025-2029
STU_25881A6646,25881A6646,DHARAVATH SHARATH KUMAR,A,2025-2029
STU_25881A6647,25881A6647,CH SHREYAS,A,2025-2029
STU_25881A6648,25881A6648,THALLA SHRINIDHI,A,2025-2029
STU_25881A6649,25881A6649,KARPE SIRIVALLI,A,2025-2029
STU_25881A6650,25881A6650,APPANA SOWMYA SRI,A,2025-2029
STU_25881A6651,25881A6651,SANGANI SRI CHANDANA,A,2025-2029
STU_25881A6652,25881A6652,PEDDI SRICHARAN,A,2025-2029
STU_25881A6653,25881A6653,JAVVAJI SRIJITH,A,2025-2029
STU_25881A6654,25881A6654,MORTHAD SRINIDHI,A,2025-2029
STU_25881A6655,25881A6655,CHANDA SRINIVASA SHAILESH GUPTA,A,2025-2029
STU_25881A6656,25881A6656,Y SRIRAM,A,2025-2029
STU_25881A6657,25881A6657,THIPPANI SUDEEKSHA REDDY,A,2025-2029
STU_25881A6658,25881A6658,MOHAMMED SUFIYAN,A,2025-2029
STU_25881A6659,25881A6659,MANDLA VAISHALI,A,2025-2029
STU_25881A6660,25881A6660,NAGABANDI VAISHNAVI,A,2025-2029
STU_25881A6661,25881A6661,SATU VAMSHI KRISHNA,A,2025-2029
STU_25881A6662,25881A6662,P VEERA SHANKAR REDDY,A,2025-2029
STU_25881A6663,25881A6663,BURAM VIASHNAVI,A,2025-2029
STU_25881A6664,25881A6664,NEERUDU VIVEK,A,2025-2029
STU_25881A6665,25881A6665,KAMATHAM YASHWANTH,A,2025-2029
STU_25881A6666,25881A6666,GUDA ADHI YADAV,B,2025-2029
STU_25881A6667,25881A6667,PALAMOOR ADITHYA GOUD,B,2025-2029
STU_25881A6668,25881A6668,SHAHBAZ AHMED KHAN,B,2025-2029
STU_25881A6669,25881A6669,KARLA AKSHYA REDDY,B,2025-2029
STU_25881A6670,25881A6670,PADAMATI ASHWITHA REDDY,B,2025-2029
STU_25881A6671,25881A6671,PUSULURI BIPIN,B,2025-2029
STU_25881A6672,25881A6672,PUNNA CHARAN TEJ,B,2025-2029
STU_25881A6673,25881A6673,BODDU DAVID RAJ,B,2025-2029
STU_25881A6674,25881A6674,ARASANI DEEPIKA,B,2025-2029
STU_25881A6675,25881A6675,DUNNA DURGA VENKATA SAI,B,2025-2029
STU_25881A6676,25881A6676,B GOKUL SAI REDDY,B,2025-2029
STU_25881A6677,25881A6677,NITI GOYAL,B,2025-2029
STU_25881A6678,25881A6678,GUDALA GRACE PAUL,B,2025-2029
STU_25881A6679,25881A6679,DAMIREDDY HARSHA VARDHAN REDDY,B,2025-2029
STU_25881A6680,25881A6680,KUNDARAPU HARSHAVARDHAN,B,2025-2029
STU_25881A6681,25881A6681,TUMU HASINI,B,2025-2029
STU_25881A6682,25881A6682,TANGELLA KALYAN RAJU,B,2025-2029
STU_25881A6683,25881A6683,POTURAJU KALYANI,B,2025-2029
STU_25881A6684,25881A6684,KURA KAUSHIK RAJ,B,2025-2029
STU_25881A6685,25881A6685,KUNAL SINGH,B,2025-2029
STU_25881A6686,25881A6686,PEDDAGOLLA LEELA BHAVANI,B,2025-2029
STU_25881A6687,25881A6687,VANKADARI LOKESH,B,2025-2029
STU_25881A6688,25881A6688,RAPARTHI MAHATHI,B,2025-2029
STU_25881A6689,25881A6689,KOMMARAJULA MANI,B,2025-2029
STU_25881A6690,25881A6690,SADALA MANISH REDDY,B,2025-2029
STU_25881A6691,25881A6691,MENDE MEGHANA,B,2025-2029
STU_25881A6692,25881A6692,NADIKATTU NAGA SHIVANI,B,2025-2029
STU_25881A6693,25881A6693,BATHULA NIHARIKA,B,2025-2029
STU_25881A6694,25881A6694,GOGGA PRADEEP,B,2025-2029
STU_25881A6695,25881A6695,CHINNAPAGA PRASHANH KUMAR,B,2025-2029
STU_25881A6696,25881A6696,BUKYA PRAVEEN KUMAR,B,2025-2029
STU_25881A6697,25881A6697,K RAGHAVENDRA,B,2025-2029
STU_25881A6698,25881A6698,YELLAREDDY RAGHAVENDRA REDDY,B,2025-2029
STU_25881A6699,25881A6699,RAJEEV KUMAR SINGH,B,2025-2029
STU_25881A66A0,25881A66A0,SATTOOR RITESH GOUD,B,2025-2029
STU_25881A66A1,25881A66A1,GURRALA RITHWICK REDDY,B,2025-2029
STU_25881A66A2,25881A66A2,CHUNCHU ROHITH SRINIVAS,B,2025-2029
STU_25881A66A3,25881A66A3,RUDHRATEJA CHITHARU,B,2025-2029
STU_25881A66A4,25881A66A4,TUSAMBAD RUTHIKA,B,2025-2029
STU_25881A66A5,25881A66A5,DONALA SAHASRA,B,2025-2029
STU_25881A66A6,25881A66A6,AKKAPELLI SAI SUSHANTH,B,2025-2029
STU_25881A66A7,25881A66A7,BHEEMA SAI RINISH REDDY,B,2025-2029
STU_25881A66A8,25881A66A8,KOMATIREDDY SAI VARSHITHA,B,2025-2029
STU_25881A66A9,25881A66A9,MUNIGALA SAI RAJ,B,2025-2029
STU_25881A66B0,25881A66B0,PATLOLLA SAI JASHWANTH REDDY,B,2025-2029
STU_25881A66B1,25881A66B1,THUMU SAI KARTHIK,B,2025-2029
STU_25881A66B2,25881A66B2,KARNATI SAINITHIN,B,2025-2029
STU_25881A66B3,25881A66B3,INDLA SAKETHA RAM,B,2025-2029
STU_25881A66B4,25881A66B4,MOHAMMAD SAMI,B,2025-2029
STU_25881A66B5,25881A66B5,KORRA SANJAY CHOUHAN,B,2025-2029
STU_25881A66B6,25881A66B6,THASHAMSHETTY SATHWIK,B,2025-2029
STU_25881A66B7,25881A66B7,NENAVATH SAVITHA,B,2025-2029
STU_25881A66B8,25881A66B8,KOLAN SHARNIKA,B,2025-2029
STU_25881A66B9,25881A66B9,NALLELA SHIVA,B,2025-2029
STU_25881A66C0,25881A66C0,BUDDULA SHRIVALLI,B,2025-2029
STU_25881A66C1,25881A66C1,K SHRUTHI,B,2025-2029
STU_25881A66C2,25881A66C2,NELLURI SMARAN,B,2025-2029
STU_25881A66C3,25881A66C3,MARAVENI SPURTHI,B,2025-2029
STU_25881A66C4,25881A66C4,BANTU TANU SRI,B,2025-2029
STU_25881A66C5,25881A66C5,BHUKYA THARUN,B,2025-2029
STU_25881A66C6,25881A66C6,MACHARLA VAGDEVI,B,2025-2029
STU_25881A66C7,25881A66C7,NAKKA VENU,B,2025-2029
STU_25881A66C8,25881A66C8,BANOTH VIGNESWAR,B,2025-2029
STU_25881A66C9,25881A66C9,SHAIK YASAR ARAFATH,B,2025-2029
STU_25881A66D0,25881A66D0,BOJJA ADITHYA,C,2025-2029
STU_25881A66D1,25881A66D1,AKKANGARI AKSHITHA,C,2025-2029
STU_25881A66D2,25881A66D2,KASARAVENI AKSHITHA,C,2025-2029
STU_25881A66D3,25881A66D3,POTU AMULYA,C,2025-2029
STU_25881A66D4,25881A66D4,MOHD ANAS,C,2025-2029
STU_25881A66D5,25881A66D5,SAFA AQEEL,C,2025-2029
STU_25881A66D6,25881A66D6,NAROJU ARAVIND,C,2025-2029
STU_25881A66D7,25881A66D7,BHUKYA ASMITHA,C,2025-2029
STU_25881A66D8,25881A66D8,DONTHIREDDY BHAVESH,C,2025-2029
STU_25881A66D9,25881A66D9,THOTAKURI BHAVYA,C,2025-2029
STU_25881A66E0,25881A66E0,CHERUKUPALLY CHAITANYA AKSHITH,C,2025-2029
STU_25881A66E1,25881A66E1,ALETI CHARAN,C,2025-2029
STU_25881A66E2,25881A66E2,BOMMANABOINA CHETAN,C,2025-2029
STU_25881A66E3,25881A66E3,TALLA DINESH GOUD,C,2025-2029
STU_25881A66E4,25881A66E4,GANESH SAINI,C,2025-2029
STU_25881A66E5,25881A66E5,NENAVATH HANMANTHU,C,2025-2029
STU_25881A66E6,25881A66E6,ABBANBOINA HARIKA,C,2025-2029
STU_25881A66E7,25881A66E7,SUNKOJU HARSHITH,C,2025-2029
STU_25881A66E8,25881A66E8,HARSHITH JHAJHRYA,C,2025-2029
STU_25881A66E9,25881A66E9,DEVULAPALLY HASINI REDDY,C,2025-2029
STU_25881A66F0,25881A66F0,G HEMANATHA REDDY,C,2025-2029
STU_25881A66F1,25881A66F1,BASAVESHA HIREMATH,C,2025-2029
STU_25881A66F2,25881A66F2,SARDARNI JASMEET KAUR,C,2025-2029
STU_25881A66F3,25881A66F3,PALLEMPATI JATHIN,C,2025-2029
STU_25881A66F4,25881A66F4,JARUGUMALLI JOY BENJMEN,C,2025-2029
STU_25881A66F5,25881A66F5,CHILAKALA KARTHIKEYA,C,2025-2029
STU_25881A66F6,25881A66F6,BALIJA MADHUSHALINI,C,2025-2029
STU_25881A66F7,25881A66F7,DEBOJIT MAJUMDAR,C,2025-2029
STU_25881A66F8,25881A66F8,BADUGU MANIVARSHITH,C,2025-2029
STU_25881A66F9,25881A66F9,MANCHINILLA MANOJ,C,2025-2029
STU_25881A66G0,25881A66G0,BACHALWAD MARUTHI,C,2025-2029
STU_25881A66G1,25881A66G1,ERUVA MOHITH,C,2025-2029
STU_25881A66G2,25881A66G2,MUHAMMAD MUSTAFA,C,2025-2029
STU_25881A66G3,25881A66G3,MALINENI NAGA TEJA SRI,C,2025-2029
STU_25881A66G4,25881A66G4,MEDIPELLI NANDHINI,C,2025-2029
STU_25881A66G5,25881A66G5,PALADI NITEESH,C,2025-2029
STU_25881A66G6,25881A66G6,RACHAKONDA POOJITHA,C,2025-2029
STU_25881A66G7,25881A66G7,MADAKA PRANATHI LASYA,C,2025-2029
STU_25881A66G8,25881A66G8,PULLURI RAGHU CHARAN,C,2025-2029
STU_25881A66G9,25881A66G9,PADISHALA RAJEEV KUMAR,C,2025-2029
STU_25881A66H0,25881A66H0,RANGA REDDY LAASYA,C,2025-2029
STU_25881A66H1,25881A66H1,POOLA REVANTH KUMAR,C,2025-2029
STU_25881A66H2,25881A66H2,REDDY RICHITHA REDDY,C,2025-2029
STU_25881A66H3,25881A66H3,MUNNANGI RUDRA SAI PRATAP REDDY,C,2025-2029
STU_25881A66H4,25881A66H4,PENDEM SADHVIK,C,2025-2029
STU_25881A66H5,25881A66H5,MOGILIGIDDA SAHITHI,C,2025-2029
STU_25881A66H6,25881A66H6,C SAI NEEHAL,C,2025-2029
STU_25881A66H7,25881A66H7,NAGUNURI SAI CHARAN TEJA,C,2025-2029
STU_25881A66H8,25881A66H8,MUYYALI SANJAY,C,2025-2029
STU_25881A66H9,25881A66H9,JERPULA SANTHOSH,C,2025-2029
STU_25881A66J0,25881A66J0,MADIGA SHAILAJA,C,2025-2029
STU_25881A66J1,25881A66J1,MUDDALA SHIVADEEPTHI,C,2025-2029
STU_25881A66J2,25881A66J2,SAPAVAT SINDHU,C,2025-2029
STU_25881A66J3,25881A66J3,PITTALA SREE KARUNYAN,C,2025-2029
STU_25881A66J4,25881A66J4,ANNADASU SRUTHI,C,2025-2029
STU_25881A66J5,25881A66J5,AVUTHU TEJ KIRAN REDDY,C,2025-2029
STU_25881A66J6,25881A66J6,KUCHIPUDI V S K J ABHITEJAS,C,2025-2029
STU_25881A66J7,25881A66J7,GANNAMANENI VARSHITH,C,2025-2029
STU_25881A66J8,25881A66J8,GUGULOTH VASANTHA,C,2025-2029
STU_25881A66J9,25881A66J9,DONTHOJI VIGNESH,C,2025-2029
STU_25881A66K0,25881A66K0,GUVVADI VISHAL RAO,C,2025-2029
STU_25881A66K1,25881A66K1,POTHAGANI VISHNU VARDHAN,C,2025-2029
STU_25881A66K2,25881A66K2,KARNE YOGISHWAR SAI,C,2025-2029
STU_25881A66K3,25881A66K3,KONDAPURAM YOUGENDER,C,2025-2029
