source_file,original_subject_code,original_subject_name,standard_subject_code,standard_subject_name,status
results,A9001,MAC,A9001,Matrices and Calculus,MATCHED
results,A9501,PPS,A9501,Programming for Problem Solving,MATCHED
results,A9502,PPSL,A9502,Programming for Problem Solving Laboratory,MATCHED
results,A9302,EW,A9302,Engineering Workshop,MATCHED
results,A9021,CCDT,A9021,Community Centered Design Thinking,MATCHED
results,A9007,EP,A9007,Engineering Physics,MATCHED
results,A9008,EPL,A9008,Engineering Physics Laboratory,MATCHED
results,A9204,BEE,A9204,Basic Electrical Engineering,MATCHED
results,A9801,FDS,A9801,Foundations of Data Science,MATCHED
results,A9205,BEEL,A9205,Basic Electrical Engineering Laboratory,MATCHED
results,A9009,EC,A9009,Engineering Chemistry,MATCHED
results,A9011,ESE,A9011,English for Skills Enhancement,MATCHED
results,A9010,ECL,A9010,Engineering Chemistry Laboratory,MATCHED
results,A9012,ELCSL,A9012,English Language and Communication Skills Laboratory,MATCHED
results,A9304,CAEG,A9304,Computer Aided Engineering Graphics,MATCHED
results,A9402,DE,A9402,Digital Electronics,MATCHED
results,A9002,ODEVC,A9002,Ordinary Differential Equations and Vector Calculus,MATCHED
results,A9022,PDP,A9022,Product Design and Development,MATCHED
results,A9503,DS,A9503,Data Structures,MATCHED
results,A9504,DSL,A9504,Data Structures Laboratory,MATCHED
attendance,A9001,MAC,A9001,Matrices and Calculus,MATCHED
attendance,A9007,EP,A9007,Engineering Physics,MATCHED
attendance,A9501,PPS,A9501,Programming for Problem Solving,MATCHED
attendance,A9204,BEE,A9204,Basic Electrical Engineering,MATCHED
attendance,A9801,FDS,A9801,Foundations of Data Science,MATCHED
attendance,A9008,EP Lab,A9008,Engineering Physics Laboratory,MATCHED
attendance,A9502,PPS Lab,A9502,Programming for Problem Solving Laboratory,MATCHED
attendance,A9205,BEE Lab,A9205,Basic Electrical Engineering Laboratory,MATCHED
attendance,A9302,EW,A9302,Engineering Workshop,MATCHED
attendance,A9021,CCDT,A9021,Community Centered Design Thinking,MATCHED
attendance,A9002ODECV,A9002 ODECV,A9002,Ordinary Differential Equations and Vector Calculus,MATCHED
attendance,A9009EC,A9009 EC,A9009,Engineering Chemistry,MATCHED
attendance,A9011ESE,A9011 ESE,A9011,English for Skills Enhancement,MATCHED
attendance,A9503DS,A9503 DS,A9503,Data Structures,MATCHED
attendance,A9402DE,A9402 DE,A9402,Digital Electronics,MATCHED
attendance,A9010ECL,A9010 ECL,A9010,Engineering Chemistry Laboratory,MATCHED
attendance,A9012ESEL,A9012 ESEL,A9012,English Language and Communication Skills Laboratory,MATCHED
attendance,A9504DSL,A9504 DSL,A9504,Data Structures Laboratory,MATCHED
attendance,A9304CAEG,A9304 CAEG,A9304,Computer Aided Engineering Graphics,MATCHED
attendance,A9022PDD,A9022 PDD,A9022,Product Design and Development,MATCHED
