subject_id,subject_code,subject_name,semester,credits
SUB_1_A9001,A9001,Matrices and Calculus,1,4.0
SUB_1_A9501,A9501,Programming for Problem Solving,1,3.0
SUB_1_A9502,A9502,Programming for Problem Solving Laboratory,1,1.0
SUB_1_A9302,A9302,Engineering Workshop,1,1.0
SUB_1_A9021,A9021,Community Centered Design Thinking,1,1.0
SUB_1_A9007,A9007,Engineering Physics,1,3.0
SUB_1_A9008,A9008,Engineering Physics Laboratory,1,1.0
SUB_1_A9204,A9204,Basic Electrical Engineering,1,2.0
SUB_1_A9801,A9801,Foundations of Data Science,1,3.0
SUB_1_A9205,A9205,Basic Electrical Engineering Laboratory,1,1.0
SUB_2_A9009,A9009,Engineering Chemistry,2,3.0
SUB_2_A9011,A9011,English for Skills Enhancement,2,2.0
SUB_2_A9010,A9010,Engineering Chemistry Laboratory,2,1.0
SUB_2_A9012,A9012,English Language and Communication Skills Laboratory,2,1.0
SUB_2_A9304,A9304,Computer Aided Engineering Graphics,2,1.0
SUB_2_A9402,A9402,Digital Electronics,2,3.0
SUB_2_A9002,A9002,Ordinary Differential Equations and Vector Calculus,2,4.0
SUB_2_A9022,A9022,Product Design and Development,2,1.0
SUB_2_A9503,A9503,Data Structures,2,3.0
SUB_2_A9504,A9504,Data Structures Laboratory,2,1.0
